<?xml version="1.0" encoding="UTF-8"?>
<templates id="template" xml:space="preserve">
     <t t-name="tetras_school_management.MainScreen">
         <h2 class="subtitle">Bienvenue sur la base de données de Tetras</h2>
         <div class="topline">
             <div class="line"></div>
         </div>
         <div class="main-buttons">
             <div class="student-button main-button style-button"
                  t-on-click="() => tetras.showScreen('StudentListScreen')">Students
             </div>
             <div class="teacher-button main-button style-button"
                  t-on-click="() => tetras.showScreen('TeacherListScreen')">Teachers
             </div>
         </div>
    </t>
</templates>
