<?xml version="1.0" encoding="UTF-8"?>
<templates id="template" xml:space="preserve">
     <t t-name="tetras_school_management.PersonFormScreen">
         <h1>TETRAS</h1>
         <h2>
             <a class="ariane" t-on-click="() => this.tetras.showScreen('MainScreen')">
                 Tetras
             </a>
             >
             <a class="ariane" t-on-click="() => this.tetras.showScreen('PersonListScreen')">
                 Teachers List
             </a>
             >
             <t t-esc="props.person.name"/>
         </h2>
         <div class="person-form">
             <table class="table-form">
                 <tr class="lign-form">
                     <th class="attribute">Name</th>
                     <td><t t-esc="props.person.name" /></td>
                 </tr>
                 <tr>
                     <th class="attribute">Phone</th>
                     <td><t t-esc="props.person.phone" /></td>
                 </tr>
                 <tr>
                     <th class="attribute">Email</th>
                     <td><t t-esc="props.person.email" /></td>
                 </tr>
                 <tr>
                     <th class="attribute">Diploma</th>
                     <td><t t-esc="props.person.diploma" /></td>
                 </tr>
             </table>
         </div>
         <div class="style-button back-button" t-on-click="() => this.tetras.showScreen('PersonListScreen')">Back</div>
    </t>
</templates>
