<?xml version="1.0" encoding="UTF-8"?>
<templates id="template" xml:space="preserve">
     <t t-name="tetras_school_management.StudentFormScreen">
         <h2>
             <a class="ariane" t-on-click="() => this.tetras.showScreen('MainScreen')">
                 Tetras
             </a>
             >
             <a class="ariane" t-on-click="() => this.tetras.showScreen('StudentListScreen')">
                 Students List
             </a>
             >
             <t t-esc="props.student.name"/>
         </h2>
         <div class="student-form">
             <table class="table-form">
                 <tr class="lign-form">
                     <th class="attribute">Name</th>
                     <td><t t-esc="props.student.name" /></td>
                 </tr>
                 <tr>
                     <th class="attribute">Phone</th>
                     <td><t t-esc="props.student.phone" /></td>
                 </tr>
                 <tr>
                     <th class="attribute">Email</th>
                     <td><t t-esc="props.student.email" /></td>
                 </tr>
             </table>
         </div>

         <div class="style-button back-button" t-on-click="() => this.tetras.showScreen('StudentListScreen')">Back</div>
    </t>
</templates>
